{"name":"c7272c81-2bdc-42f3-895c-f45e5958eec7","id":"/providers/Microsoft.Flow/flows/c7272c81-2bdc-42f3-895c-f45e5958eec7","type":"Microsoft.Flow/flows","properties":{"apiId":"/providers/Microsoft.PowerApps/apis/shared_logicflows","displayName":"Company Communicator Approval","definition":{"metadata":{"workflowEntityId":null,"flowclientsuspensionreason":"None","flowclientsuspensiontime":null,"creator":{"id":"0ff878a6-6151-4ec2-9389-19585bfcfd5f","type":"User","tenantId":"11cc7421-c84e-442c-befd-a93aa7a70c11"},"provisioningMethod":"FromDefinition","failureAlertSubscription":true,"clientLastModifiedTime":"2021-03-25T22:48:50.674569Z"},"$schema":"https://schema.management.azure.com/providers/Microsoft.Logic/schemas/2016-06-01/workflowdefinition.json#","contentVersion":"1.0.0.0","parameters":{"$connections":{"defaultValue":{},"type":"Object"},"$authentication":{"defaultValue":{},"type":"SecureObject"}},"triggers":{"When_a_new_comms_request_form_is_submitted":{"splitOn":"@triggerBody()?['value']","metadata":{"flowSystemMetadata":{"swaggerOperationId":"CreateFormWebhook"}},"type":"ApiConnectionWebhook","inputs":{"host":{"connection":{"name":"@parameters('$connections')['shared_microsoftforms']['connectionId']"},"api":{"runtimeUrl":"https://unitedstates-002.azure-apim.net/apim/microsoftforms"}},"body":{"eventType":"responseAdded","notificationUrl":"@{listCallbackUrl()}","source":"ms-connector"},"path":"/formapi/api/forms/@{encodeURIComponent('IXTMEU7ILES-_ak6p6cMEaZ4-A9RYcJOk4kZWFv8_V9UOTRHMTZRUThDOFdUSFFVNzNDTjRNNzhGWi4u')}/webhooks","authentication":"@parameters('$authentication')"}}},"actions":{"Get_response_details":{"runAfter":{},"metadata":{"flowSystemMetadata":{"swaggerOperationId":"GetFormResponseById"}},"type":"ApiConnection","inputs":{"host":{"connection":{"name":"@parameters('$connections')['shared_microsoftforms']['connectionId']"},"api":{"runtimeUrl":"https://unitedstates-002.azure-apim.net/apim/microsoftforms"}},"method":"get","path":"/formapi/api/forms('@{encodeURIComponent('IXTMEU7ILES-_ak6p6cMEaZ4-A9RYcJOk4kZWFv8_V9UOTRHMTZRUThDOFdUSFFVNzNDTjRNNzhGWi4u')}')/responses","queries":{"response_id":"@triggerBody()?['resourceData']?['responseId']"},"authentication":"@parameters('$authentication')"}},"Start_an_approval":{"runAfter":{"Switch":["Succeeded"]},"metadata":{"flowSystemMetadata":{"swaggerOperationId":"approvalSubscribeV2"}},"type":"ApiConnectionWebhook","inputs":{"host":{"connection":{"name":"@parameters('$connections')['shared_approvals']['connectionId']"},"api":{"runtimeUrl":"https://unitedstates-002.azure-apim.net/apim/approvals"}},"body":{"notificationUrl":"@listCallbackUrl()","title":"New Company Communication Proposed for @{body('Get_response_details')?['rd30fffe9430d489c8b049e1a1041dd53']}","assignedTo":"@{variables('VAR_Approvers')};","details":"@{body('Get_response_details')?['responder']} is requesting Approval for Company Communication.\n\nDetails:\nDepartment: @{body('Get_response_details')?['rd30fffe9430d489c8b049e1a1041dd53']}\nSubmission Time: @{body('Get_response_details')?['submitDate']}\n**Comms Title: @{body('Get_response_details')?['r77821ae347f240b7a180372e960f2f33']}**\n**Comms Summary: @{body('Get_response_details')?['r9616d930eb274e4b807b9041791d40b8']}**\n**Image: @{body('Get_response_details')?['r15aac592e77541a5967bded12e556709']}**\n**Author: @{body('Get_response_details')?['r88a2fe7978a94a1dafa91cf089d17ae0']}**\n**Button Title: @{body('Get_response_details')?['r96eef560005248d5b1380413165fc962']}**\n**Button URL: @{body('Get_response_details')?['rca92ce26b78c42c6b9a227f201797cb6']}**\n**Date of send**:  @{body('Get_response_details')?['rddc9519b6722446c9b3e4985defef28f']}\n\nPlease Approve or Reject and review draft in CC Author tool\n","itemLink":""},"path":"/types/basic/$subscriptions","authentication":"@parameters('$authentication')"}},"Condition":{"actions":{"Send_an_email_for_approval":{"runAfter":{},"metadata":{"flowSystemMetadata":{"swaggerOperationId":"SendEmail"}},"type":"ApiConnection","inputs":{"host":{"connection":{"name":"@parameters('$connections')['shared_office365']['connectionId']"},"api":{"runtimeUrl":"https://unitedstates-002.azure-apim.net/apim/office365"}},"method":"post","body":{"To":"@{body('Get_response_details')?['responder']};@{body('Start_an_approval')?['responder']?['email']}","Subject":"Communicator Approval Request approved","Body":"Comm: @{body('Get_response_details')?['r77821ae347f240b7a180372e960f2f33']} to be sent@{body('Get_response_details')?['rddc9519b6722446c9b3e4985defef28f']}\nApprover: @{body('Start_an_approval')?['responder']?['displayName']}\nRequestors Email: @{body('Get_response_details')?['responder']}"},"path":"/Mail","authentication":"@parameters('$authentication')"}},"Insert_Entity":{"runAfter":{"Send_an_email_for_approval":["Succeeded"]},"metadata":{"flowSystemMetadata":{"swaggerOperationId":"CreateEntity"}},"type":"ApiConnection","inputs":{"host":{"connection":{"name":"@parameters('$connections')['shared_azuretables']['connectionId']"},"api":{"runtimeUrl":"https://unitedstates-002.azure-apim.net/apim/azuretables"}},"method":"post","body":{"PartitionKey":"DraftNotifications","RowKey":"@{variables('VAR_Rowkey')}","AllUsers":"false","Author":"@{body('Get_response_details')?['r88a2fe7978a94a1dafa91cf089d17ae0']}","ButtonLink":"@{body('Get_response_details')?['rca92ce26b78c42c6b9a227f201797cb6']}","ButtonTitle":"@{body('Get_response_details')?['r96eef560005248d5b1380413165fc962']}","CreatedBy":"@{body('Start_an_approval')?['responder']?['email']}","CreatedDate":"@{body('Get_response_details')?['submitDate']}","Failed":0,"GroupsInString":"[]","Id":"@{variables('VAR_Rowkey')}","ImageLink":"@{body('Get_response_details')?['r15aac592e77541a5967bded12e556709']}","IsCompleted":"false","IsDraft":"true","IsPreparingToSend":"false","RostersInString":"[]","Succeeded":0,"Summary":"@{body('Get_response_details')?['r9616d930eb274e4b807b9041791d40b8']}","TeamsInString":"[]","Throttled":0,"Title":"@{body('Get_response_details')?['r77821ae347f240b7a180372e960f2f33']}","TotalMessageCount":0,"Unknown":0},"path":"/Tables/@{encodeURIComponent('NotificationData')}/entities","authentication":"@parameters('$authentication')"}}},"runAfter":{"Start_an_approval":["Succeeded"]},"else":{"actions":{"Send_an_email_for_rejection":{"runAfter":{},"metadata":{"flowSystemMetadata":{"swaggerOperationId":"SendEmail"}},"type":"ApiConnection","inputs":{"host":{"connection":{"name":"@parameters('$connections')['shared_office365']['connectionId']"},"api":{"runtimeUrl":"https://unitedstates-002.azure-apim.net/apim/office365"}},"method":"post","body":{"To":"@{body('Get_response_details')?['responder']}@{body('Start_an_approval')?['responder']?['email']}","Subject":"Communicator Approval Request approved","Body":"Request for @{body('Get_response_details')?['r77821ae347f240b7a180372e960f2f33']} was denied."},"path":"/Mail","authentication":"@parameters('$authentication')"}}}},"expression":"@equals(body('Start_an_approval')?['response'], 'Approve')","type":"If"},"Initialize_variable_VAR_Approvers":{"runAfter":{"Get_response_details":["Succeeded"]},"type":"InitializeVariable","inputs":{"variables":[{"name":"VAR_Approvers","type":"string"}]}},"Switch":{"runAfter":{"Initialize_variable_VAR_Rowkey":["Succeeded"]},"cases":{"Case":{"case":"IT","actions":{"Set_variable":{"runAfter":{},"type":"SetVariable","inputs":{"name":"VAR_Approvers","value":"nestorw@contosomfg.com"}}}},"Case_2":{"case":"HR","actions":{"Set_variable_2":{"runAfter":{},"type":"SetVariable","inputs":{"name":"VAR_Approvers","value":"nestorw@contosomfg.com"}}}},"Case_3":{"case":"Facilities","actions":{"Set_variable_3":{"runAfter":{},"type":"SetVariable","inputs":{"name":"VAR_Approvers","value":"nestorw@contosomfg.com"}}}},"Case_4":{"case":"Office of the President","actions":{"Set_variable_4":{"runAfter":{},"type":"SetVariable","inputs":{"name":"VAR_Approvers","value":"nestorw@contosomfg.com"}}}}},"default":{"actions":{}},"expression":"@body('Get_response_details')?['rd30fffe9430d489c8b049e1a1041dd53']","type":"Switch"},"Initialize_variable_VAR_Rowkey":{"runAfter":{"Initialize_variable_VAR_Approvers":["Succeeded"]},"type":"InitializeVariable","inputs":{"variables":[{"name":"VAR_Rowkey","type":"string","value":"@{guid()}"}]}}},"outputs":{},"description":"When a response id submitted to Microsoft Forms, start an approval process, if approved send an email for successful approval else send an rejection email."},"connectionReferences":{"shared_microsoftforms":{"connectionName":"shared-microsoftform-4ad4a3f9-6bec-451b-8e58-d0410fa8cac7","source":"Embedded","id":"/providers/Microsoft.PowerApps/apis/shared_microsoftforms","tier":"NotSpecified"},"shared_approvals":{"connectionName":"shared-approvals-cb49a961-8ac6-4ec5-9ff8-be94-830d4d90","source":"Embedded","id":"/providers/Microsoft.PowerApps/apis/shared_approvals","tier":"NotSpecified"},"shared_office365":{"connectionName":"shared-office365-29b0a35d-7beb-4428-aaac-3a00-96fcbb63","source":"Embedded","id":"/providers/Microsoft.PowerApps/apis/shared_office365","tier":"NotSpecified"},"shared_azuretables":{"connectionName":"shared-azuretables-041980c8-c425-4528-9482-3d8a-4dc02185","source":"Embedded","id":"/providers/Microsoft.PowerApps/apis/shared_azuretables","tier":"NotSpecified"}},"flowFailureAlertSubscribed":false}}